state_id,mode_id,thetaMax_deg,Imax_over_Imin,rmse
1,1,16.0222531293463,3.66926549122113,0.0243995199114495
1,2,126.92628650904,10.8401382009583,0.0210447558733451
1,3,51.8219749652295,5.83779826727519,0.023006901190558
2,1,16.2726008344924,11.3935883633164,0.0195327700780315
2,2,105.897079276773,8.14765704310758,0.0263387253936313
2,3,68.0945757997218,1.18788290859749,0.0194517428583799
