state_id,exciton_id,model_energy_eV,model_gamma_eV,model_theta_deg,fit_DOLP,fit_theta_deg
1,1,1.54315879252372,0.009,86.5645522081269,0.9258,86.5645522081269
1,2,1.55890040747628,0.014,178.217501817849,0.8944,178.217501817849
2,1,1.52515122120384,0.011,111.136749179602,0.9258,111.136749179601
2,2,1.56486797879616,0.012,11.3328496391105,0.8944,11.3328496391105
