state_id,true_ua,true_ub,fitted_ua,fitted_ub,joint_loss
1,-1,0.14,-1.015,0.21,0.00037911109889536
2,1,-0.14,0.98,-0.09,0.000417400049463801
