ua,ub,F0,Pz
0.93,-0.08,-0.0882572269272446,0.8509357
-0.96,0.06,-0.0694193521600586,-0.8894736
-0.03,0,0.039884018448776,-0.0255027
